Men,Gap
152.0,58.0
103.73684210526316,55.0
165.0,53.0
141.0,49.0
137.0,47.0
118.0,40.0
131.0,37.0
103.73684210526316,36.0
114.0,35.0
33.0,34.0
124.0,31.0
114.0,30.0
94.0,27.0
100.0,27.0
107.0,27.0
84.0,34.0
92.0,20.0
88.0,17.0
82.0,14.0
14.0,34.0
81.0,9.0
